{"cameraMode":{"drawMode":0,"name":"Shaded","section":"Shading Mode"},"sceneLighting":false,"audioPlay":false,"sceneViewState":{"showFog":true,"showMaterialUpdate":false,"showSkybox":true,"showFlares":true,"showImageEffects":true,"showParticleSystems":true},"in2DMode":false,"pivot":{"x":456.2376708984375,"y":257.53826904296877,"z":2.5753173828125},"rotation":{"x":-0.08107825368642807,"y":0.058868419378995898,"z":-0.004796359688043594,"w":-0.9949594140052795},"size":22.0,"orthographic":false}