{"cameraMode":{"drawMode":0,"name":"Shaded","section":"Shading Mode"},"sceneLighting":false,"audioPlay":false,"sceneViewState":{"showFog":true,"showMaterialUpdate":false,"showSkybox":true,"showFlares":true,"showImageEffects":true,"showParticleSystems":true},"in2DMode":false,"pivot":{"x":-1.691390037536621,"y":3.2100000381469728,"z":-3.172117233276367},"rotation":{"x":-0.18564340472221375,"y":-0.16073915362358094,"z":0.030798936262726785,"w":-0.9688930511474609},"size":2.8578836917877199,"orthographic":false}