{"cameraMode":{"drawMode":0,"name":"Shaded","section":"Shading Mode"},"sceneLighting":false,"audioPlay":false,"sceneViewState":{"showFog":true,"showMaterialUpdate":false,"showSkybox":true,"showFlares":true,"showImageEffects":true,"showParticleSystems":true},"in2DMode":false,"pivot":{"x":0.0,"y":0.6399999856948853,"z":0.6299999952316284},"rotation":{"x":-0.3139198422431946,"y":0.2662261128425598,"z":-0.09217418730258942,"w":-0.9066886901855469},"size":1.4289418458938599,"orthographic":false}